VSDHANDA Keyboard Protector Silicone Skin Cover LAPTOP Keyboard Skin,1,‚Çπ169,"[['2', 'Slightly disappointed', ""Not bad but also not good enough . I'll not recommend this to others . I think it is over priced .""], ['5', 'Awesome', 'Good'], ['4', 'Nice product', 'Good'], ['1', 'Horrible', 'Not gud quality nd doesnt fit my laptop'], ['1', 'Utterly Disappointed', 'not fitting properly in my laptop'], ['2', 'Highly recommended', 'Very nice üëçüëç'], ['5', 'Brilliant', 'Good'], ['3', 'Good', 'Good product'], ['1', 'Worst experience ever!', 'Bad quality'], ['5', 'Terrific', 'Nice product'], ['1', 'Very poor', 'Very bad quality product...'], ['5', 'Must buy!', 'Good product üëåüëç'], ['1', 'Useless product', 'Bad product'], ['1', ""Don't waste your money"", 'Its not transparent'], ['1', 'Did not meet expectations', 'Disgusting üò∂üò´üòûüò§üò°üò†ü§¨'], ['3', 'Good', 'Nice product'], ['3', 'Fair', 'Good product'], ['2', 'Bad quality', ""It's too bad""], ['1', 'Not recommended at all', 'Not good'], ['1', ""Don't waste your money"", 'Very cheap quality']]"
YAJNAS Universal Silicone Keyboard Protector Skin Cover | Dust Protector for 15.6-inch Laptop (Clear/Transparent) Laptop Keyboard Skin,4,‚Çπ179,"[['3', 'Just okay', ""It's good""], ['1', 'Worthless', 'Not of that quality'], ['3', 'Decent product', 'If your buying this product üòÇ keep on one thing on your mind that your gonna fix it only with tapeit wont not stick to your keyboard üòÇüòÇ with the adhesive gum'], ['2', 'Moderate', 'Ok quality'], ['3', 'Decent product', ""Quality of the product doesn't match with the price. Quality is good itself but it's not worth 220 rs. I would give 100-150 rs. Please improve either the quality for the price or the price should be adjusted for the quality.""], ['5', 'Terrific purchase', 'Overall good üòä'], ['4', 'Good quality product', 'It is very thin , but according to price its worthy'], ['5', 'Fabulous!', 'This one is fully covered my laptop keyboard.Thanks for this amazing product.'], ['5', 'Super!', 'Very Good Product.'], ['5', 'Classy product', 'Good quality'], ['3', 'Nice', 'Just ok'], ['4', 'Expected a better product', 'Bought 2 pice but quality of adhesive is not good of 1 piece'], ['5', 'Classy product', 'Awesome'], ['4', 'Wonderful', 'Worth of money üí∞'], ['5', 'Classy product', 'Fit hai boss üí™üòÑ'], ['5', 'Awesome', 'Very good quality'], ['4', 'Good choice', 'Best product'], ['5', 'Wonderful', 'Good , it is price worthy'], ['5', 'Super!', 'Thanku'], ['4', 'Good choice', 'Highly recommended']]"
SunShinesystem Laptop Keyboard Cover - 02 15.6 Inch Keyboard Skin,5,‚Çπ179,"[['5', 'Terrific', 'Good product üëç'], ['5', 'Just wow!', 'Amezing']]"
"Saco Silicone Keyboard Cover Skin for Vivobook Pro K571GT 15.6 Inch, ASUS Vivobook Pro 15 M3500 K3500 M6500, Vivobook Pro 16X M7600 N7600 16"" Laptop Keyboard Skin",4,‚Çπ383,"[['5', 'Terrific purchase', 'GOOD dust Protection, i used this product for my Asus 16x, Good Quality, worth of money'], ['5', 'Best in the market!', ""It's good""], ['4', 'Really Nice', ""Good product but because of this protection now I Can't access the fingerprint reader on my laptop.""], ['1', ""Don't waste your money"", ""Guys don't go for this product ""], ['5', 'Perfect product!', 'Perfect fitting... Vivobook 15...X1504ZA..i3,12th gen'], ['5', 'Just wow!', 'Very good quality'], ['4', 'Delightful', 'Nice product'], ['4', 'Very Good', ""Product is awesome but don't show the keyboard light.. Apart from that the quality of the product is very good. Thankyou flipkart ‚ù£Ô∏è""], ['3', 'Good', ""Fingerprint section doesn't working""], ['4', 'Pretty good', 'Good product. But price is what i feel is expensive'], ['4', 'Worth the money', 'Fitting good'], ['3', 'Good', 'Black was very bad because keyboard light does not reflect in upper side  so does not show keyboard alphabet'], ['4', 'Pretty good', 'Size is correct'], ['4', 'Very Good', 'Fantastic fit. Worth each penny.'], ['5', 'Must buy!', 'Nice product.'], ['4', 'Good choice', 'Asus vivobook 15 go perfectly fit'], ['5', 'Highly recommended', 'Nice Product üî•Value For money üòç'], ['4', 'Good quality product', 'Nice product'], ['1', 'Unsatisfactory', 'Small size'], ['4', 'Really Nice', ""It's good""]]"
Raya Silicone Keyboard Skin Cover for Lenovo ideapad Slim3 & Slim5 15.6 inch Laptops | Lenovo ThinkBook 15 and Lenovo V15 Laptop Keyboard Skin,3.2,‚Çπ350,[]
RootsBranches Keyboard protector 15.6 Laptop Keyboard Skin,3,‚Çπ159,"[['5', 'Brilliant', 'Really Good product.üëå'], ['2', 'Slightly disappointed', ""This is not good but it's ok to use temporary.""], ['3', 'Decent product', 'Rate wise costly...not worth for cost'], ['2', 'Expected a better product', 'too much long'], ['5', 'Awesome', 'Good product'], ['5', 'Excellent', 'Goodüëç'], ['4', 'Worth the money', 'Good'], ['5', 'Super!', 'Nice product üëç'], ['4', 'Delightful', 'Its to thin but like it'], ['1', 'Hated it!', 'Its useless product.no need for computer keypad'], ['1', 'Hated it!', 'Worst product'], ['1', 'Absolute rubbish!', 'Useless product'], ['4', 'Nice product', 'Good'], ['3', 'Fair', 'Not so good...'], ['5', 'Awesome', 'Size is slightly big but nice product'], ['1', 'Worthless', 'Very poor product it is so small'], ['5', 'Highly recommended', 'Nice product'], ['1', 'Horrible', 'Not useful'], ['5', 'Brilliant', 'Best quality'], ['3', 'Fair', 'Not bad']]"
SunShinesystem Laptop Keyboard Cover 15.6 Inch Keyboard Skin,1,‚Çπ179,"[['1', 'Useless product', ""Don't buy it is of 17 laptop""], ['5', 'Highly recommended', 'Nice'], ['5', 'Brilliant', 'Very good mobile at low price. Super performance and 19 Mbps data speed 5g. I got very best offer from flipkart... Thank u so much'], ['1', 'Utterly Disappointed', 'Third class item'], ['5', 'Must buy!', 'Nice'], ['1', 'Absolute rubbish!', 'Very very Bad product I suggest not prucheg this item'], ['2', 'Expected a better product', 'Size is not good and quality'], ['5', 'Simply awesome', 'Good'], ['5', 'Excellent', 'Good quality'], ['4', 'Pretty good', 'Awesome Product !! Thanks A Lot. Satisfied with the product.'], ['5', 'Fabulous!', 'Good'], ['1', 'Horrible', 'Poor quality üò¢'], ['1', 'Utterly Disappointed', 'Worst product'], ['1', 'Not recommended at all', 'Its not covet full key board and not comfortable'], ['1', 'Unsatisfactory', ""Too bad product. Quality is very low and you can't see any word of laptop""]]"
Raya Silicone Keyboard Skin Cover for Lenovo ideapad Slim3 & Slim5 15.6 inch Laptops | Lenovo ThinkBook 15 and Lenovo V15 Laptop Keyboard Skin,3.2,‚Çπ350,[]
SCWORLD Universal Silicone Keyboard Protector Skin for 15.6-inch Laptop (Pack Of 1) Laptop Keyboard Skin,5,‚Çπ179,"[['5', 'Terrific', 'I loved it.Thank uü•∞ü•∞ü•∞'], ['1', 'Unsatisfactory', 'Very thin'], ['5', 'Just wow!', 'Decent'], ['4', 'Value-for-money', 'Nice quality'], ['3', 'Just okay', 'Looks old but quality is good.'], ['5', 'Terrific', 'Good'], ['2', 'Not good', 'Waste of money ü§Æ'], ['5', 'Best in the market!', 'Nice'], ['3', 'Just okay', 'Good'], ['1', ""Don't waste your money"", 'Very bad quality'], ['5', 'Classy product', 'Good üëç'], ['1', 'Horrible', 'Keyboard not visible.'], ['5', 'Brilliant', 'Really a good product üëçüëç'], ['5', 'Mind-blowing purchase', 'Good product üëå'], ['1', 'Unsatisfactory', 'Not upto the mark'], ['5', 'Classy product', 'Nice product'], ['5', 'Perfect product!', 'Good to have for my laptop'], ['5', 'Worth every penny', 'Good product '], ['5', 'Wonderful', 'Good product'], ['5', 'Excellent', 'Good quality']]"
Hi-Lite Essentials Premium Ultra Thin Keyboard Cover Protector Macbook Air 2020 M1 chip Keyboard Skin,5,‚Çπ349,"[['5', 'Classy product', 'Awesome'], ['4', 'Really Nice', ""The quality of the keyboard skin is good enough! The only drawback is that the keyboard lighting isn't visible when you have it placed.""], ['5', 'Highly recommended', 'Go for it.'], ['5', 'Mind-blowing purchase', 'Awesome product, it blends to your keyboard so easily. It doesn‚Äôt look like you have used keyboard cover. Fitting and quality of the product is so good. I have never ever given 5 star before, as it has no room for improvement.'], ['5', 'Excellent', 'Good product'], ['5', 'Terrific', 'Good'], ['5', 'Simply awesome', 'Pefect cover  , fits very well, showing caps lock key light also.  Perfect for Mac book air 2020'], ['5', 'Terrific purchase', 'Nice üëç fiting'], ['1', 'Did not meet expectations', ""Not a transparent material so we can't use it in dark room. We need to remove this to use keyboard in a dark room.""], ['4', 'Nice product', 'It fits perfectly'], ['3', 'Does the job', 'Quality is good but the pice high according to quality if you want to buy than tkae as no option'], ['5', 'Great product', 'Exlent product'], ['4', 'Delightful', 'Backlight is not so visible, except caps lock. Overall you will be able find the keys around. Overall product is amazing, good to get one for your MacBook Air M1.'], ['5', 'Worth every penny', 'Very very nice product'], ['4', 'Pretty good', 'Light emitted by the keyboard keys covered completely by the product.Overall product is good.'], ['1', 'Unsatisfactory', 'Worst product, keys are not see through .'], ['1', ""Don't waste your money"", ""It doesn't fit and there is no way I can use fingerprint with this protector""], ['3', 'Does the job', 'Quality needs to be improved, not upto the mark as expected'], ['3', 'Does the job', 'Not good for night work, hides backlight of the keyboad. I would be great if transparent.'], ['5', 'Best in the market!', 'best']]"
"Saco Keyboard Protector 15.6 Inch Laptop Silicone Dust Cover for Dell Inspiron 3510, DELL G15 5511, 5520, 5521, 5525 15.6 Inch Gaming Laptop Keyboard Skin",5,‚Çπ383,"[['2', 'Expected a better product', 'Not worth the price.'], ['5', 'Wonderful', 'Nice fit for Dell g15 5515 ryzen edition'], ['5', 'Terrific', 'üî•Fits perfectly üî•'], ['5', 'Terrific purchase', 'Good'], ['3', 'Nice', 'the material is of top qulity but not transparent enough. even with the backlit its difficult to read the keys in a dark surrounding.'], ['1', 'Terrible product', 'Size not proper'], ['5', 'Best in the market!', 'Good one'], ['1', 'Hated it!', 'Not fitting exactly as shown'], ['3', 'Good', 'Perfect fit , but this will stop emitting keyboard light'], ['5', 'Perfect product!', 'Nice one , perfect fit'], ['5', 'Mind-blowing purchase', 'Awsome'], ['5', 'Wonderful', ""It's good""], ['5', 'Super!', 'Firstly I ordered opaque one but then it was very difficult to watch lightning keys in night so now I ordered this transparent and its good. I suggest tou to order transparent if you have lights in buttons.'], ['5', 'Mind-blowing purchase', 'Very Nice Product....'], ['5', 'Super!', 'Great product.. fits perfectly with Dell G15 5511..'], ['3', 'Does the job', 'Nice'], ['2', 'Slightly disappointed', ""Quality is not good according to price and the silicon don't works well it doesn't stick to the laptop keyboard.""], ['5', 'Brilliant', 'Very nice product'], ['5', 'Excellent', 'Super for me it has fixed perfectly üòâ'], ['5', 'Terrific purchase', 'Fits perfectly fine and does the job really well']]"
Just Take Laptop Keyboard Cover & Guard - 4569 All Laptop Keyboard Skin,5,‚Çπ179,"[['4', 'Wonderful', 'Ok ok'], ['5', 'Wonderful', 'Fits well on the laptop, great protection from dust']]"
SunShinesystem Laptop Keyboard Cover 15.6 Inch Keyboard Skin,1,‚Çπ170,"[['1', 'Useless product', ""Don't buy it is of 17 laptop""], ['5', 'Highly recommended', 'Nice'], ['5', 'Brilliant', 'Very good mobile at low price. Super performance and 19 Mbps data speed 5g. I got very best offer from flipkart... Thank u so much'], ['1', 'Utterly Disappointed', 'Third class item'], ['5', 'Must buy!', 'Nice'], ['1', 'Absolute rubbish!', 'Very very Bad product I suggest not prucheg this item'], ['2', 'Expected a better product', 'Size is not good and quality'], ['5', 'Simply awesome', 'Good'], ['5', 'Excellent', 'Good quality'], ['4', 'Pretty good', 'Awesome Product !! Thanks A Lot. Satisfied with the product.'], ['5', 'Fabulous!', 'Good'], ['1', 'Horrible', 'Poor quality üò¢'], ['1', 'Utterly Disappointed', 'Worst product'], ['1', 'Not recommended at all', 'Its not covet full key board and not comfortable'], ['1', 'Unsatisfactory', ""Too bad product. Quality is very low and you can't see any word of laptop""]]"
Saco Silicone Keyboard Skin Cover Compatible for Lenovo Legion 5 Gaming Laptop 82B500BHIN - launch year 2020 Keyboard Skin,3,‚Çπ383,"[['5', 'Must buy!', 'It leaves impressions on the screen when laptop is closed. Put a separation paper for that between keyboard and screen. Rest the productis good'], ['4', 'Very Good', ""Good product but price could be below two hundred then it's wil be value for money""], ['5', 'Great product', 'Fits perfectly on my legion 5i 2022 model. The cover is nice and thin but sturdy. The fitting tolerances are very good. Light shines well through. Saco covers are great. I had one for my previous MSI laptop as well.'], ['4', 'Delightful', 'Product is good but price is high'], ['3', 'Decent product', 'Good'], ['5', 'Great product', 'Perfectly fit'], ['1', 'Useless product', 'Very bad'], ['4', 'Good quality product', 'Nice'], ['5', 'Just wow!', 'Build quality is really nice. It perfect fit on my Lenovo indeapad gaming 3 laptop. But the price is little high. If it is under 200 it will be value for money.'], ['4', 'Wonderful', 'Good product!! But price is little bit high'], ['4', 'Good choice', 'The product is good at quality, best fit in keys but the price is not worth it . As price is too high.'], ['4', 'Value-for-money', 'Nice üëç product. Perfect to fit.'], ['4', 'Wonderful', ""I'm Happy, i thought price is too high but really this one awesome üòé""], ['5', 'Just wow!', 'This is good and perfect fit for my legion 5 amd'], ['2', 'Slightly disappointed', 'Not Good But Okay'], ['5', 'Awesome', 'Perfectly fitted'], ['3', 'Decent product', 'Product is good but not value for money'], ['4', 'Very Good', 'Nice product.'], ['5', 'Mind-blowing purchase', 'perfect fit'], ['3', 'Does the job', 'I like this product. But the price is very high']]"
"Saco Keyboard Protector 14 Inch Laptop Dust Cover for 14s-dy Series HP 14 Inch 14s-dq, 14s-cd, 14s-er, 14s-dy Series Laptop Keyboard Skin",5,‚Çπ383,"[['5', 'Highly recommended', 'Fitting is good...but very thin.'], ['3', 'Good', ""Yeah It's osm and good fitting in keyboard and keyboard backlight properly show in this Cover price was so hight but quality was good""], ['5', 'Simply awesome', 'Very good product üëç'], ['4', 'Good quality product', 'Nice'], ['4', 'Value-for-money', ""Nice product I'm fully satisfied thank you flipkart""], ['1', 'Very poor', 'Did not fit in my 14 inch laptop.'], ['5', 'Super!', 'Amazing product '], ['4', 'Good quality product', 'It is good product but little high price it should be 300 but overall good product'], ['1', 'Utterly Disappointed', 'Very small'], ['4', 'Very Good', 'Good One Reason Of giving 4 star Not came in a good quality. Else product is good'], ['4', 'Very Good', 'GOOD PRODUCT'], ['5', 'Best in the market!', 'Super full fix'], ['3', 'Decent product', 'Good'], ['5', 'Terrific', 'Fit with keyboard.'], ['5', 'Brilliant', 'Good'], ['1', 'Very poor', 'Bad'], ['2', 'Not good', 'Fixable but Very poor quality in this high price'], ['2', 'Expected a better product', 'Average'], ['5', 'Classy product', 'Value for money'], ['5', 'Classy product', 'Very nice quality']]"
Saco Matte Touchpad Protector for 13-bd0521TU Series HP Envy x360 Convertible 13.3 Inch 13-bd0063TU/ 13-ba0003TU Series Laptop Keyboard Skin,5,‚Çπ263,"[['5', 'Fabulous!', 'Good']]"
D.V TECH 4 in1 laptop skin combo set of coffee time-308 full panel with screen guard keyguard for 15.6 inch laptop skin combo set Combo Set,5,‚Çπ315,"[['5', 'Awesome', 'Satisfied'], ['5', 'Super!', '6 years old laptop looks new.....nice product and easy to apply.'], ['5', 'Brilliant', 'Good really like it.'], ['4', 'Nice product', 'Good product'], ['3', 'Decent product', 'Nice looküò±üòúüòúü•≥'], ['5', 'Terrific purchase', ""It's so good...""], ['5', 'Terrific purchase', 'I personally just loved it and its an Awsome kind of thing.'], ['5', 'Perfect product!', 'superb'], ['4', 'Good choice', 'good'], ['5', 'Excellent', 'Loved it'], ['5', 'Great product', 'Good'], ['5', 'Simply awesome', 'Great'], ['5', 'Brilliant', 'Perfect fit'], ['1', 'Utterly Disappointed', ""Screen guard quality is very poor don't buy üò°ü§¨""], ['5', 'Mind-blowing purchase', 'Nice product'], ['5', 'Must buy!', 'Product is very good...üëçüëçüëçüëçü•∞ You can go For it'], ['5', 'Worth every penny', 'Very good quality lamination sticker soft and smooth'], ['3', 'Decent product', 'quality not good as expected but ok'], ['5', 'Awesome', 'Really very nice product with good quality....I recommend to buy...Such a nice product..'], ['5', 'Best in the market!', 'Good quality. Nice design. Thank you Flipkart.']]"
"Saco Keyboard Protector 15.6 Inch Laptop Silicone Dust Cover for Dell Inspiron 3510, DELL G15 5511, 5520, 5521, 5525 15.6 Inch Gaming Laptop Keyboard Skin",5,‚Çπ383,"[['2', 'Expected a better product', 'Not worth the price.'], ['5', 'Wonderful', 'Nice fit for Dell g15 5515 ryzen edition'], ['5', 'Terrific', 'üî•Fits perfectly üî•'], ['5', 'Terrific purchase', 'Good'], ['3', 'Nice', 'the material is of top qulity but not transparent enough. even with the backlit its difficult to read the keys in a dark surrounding.'], ['1', 'Terrible product', 'Size not proper'], ['5', 'Best in the market!', 'Good one'], ['1', 'Hated it!', 'Not fitting exactly as shown'], ['3', 'Good', 'Perfect fit , but this will stop emitting keyboard light'], ['5', 'Perfect product!', 'Nice one , perfect fit'], ['5', 'Mind-blowing purchase', 'Awsome'], ['5', 'Wonderful', ""It's good""], ['5', 'Super!', 'Firstly I ordered opaque one but then it was very difficult to watch lightning keys in night so now I ordered this transparent and its good. I suggest tou to order transparent if you have lights in buttons.'], ['5', 'Mind-blowing purchase', 'Very Nice Product....'], ['5', 'Super!', 'Great product.. fits perfectly with Dell G15 5511..'], ['3', 'Does the job', 'Nice'], ['2', 'Slightly disappointed', ""Quality is not good according to price and the silicon don't works well it doesn't stick to the laptop keyboard.""], ['5', 'Brilliant', 'Very nice product'], ['5', 'Excellent', 'Super for me it has fixed perfectly üòâ'], ['5', 'Terrific purchase', 'Fits perfectly fine and does the job really well']]"
"Saco Keyboard Protector 15.6 Inch, 17.3 Inch Laptop Dust Cover for Asus TUF Gaming F15 FX507ZM-ES74,TUF Dash 15 FX517ZM-AS73 15.6Inch Gaming Laptop Keyboard Skin",4,‚Çπ383,"[['2', 'Moderate', 'Not worth for this price'], ['5', 'Awesome', 'looks good'], ['5', 'Classy product', 'Nice'], ['4', 'Good choice', 'The product is excellent just a little bit expensive.'], ['4', 'Wonderful', 'Very nice product but very thin'], ['5', 'Perfect product!', 'Awesome, correct fit for keyboard'], ['5', 'Fabulous!', 'Very good product and fitting is very perfect ü§©'], ['5', 'Mind-blowing purchase', 'Good'], ['5', 'Must buy!', 'Perfectly fit in my Asus tuf f15 (2023). And it sets well in my laptop. I will recommend everyone to buy Transparent Protection as the RGB can be Visible properly üòâ . U can buy it without thinking so much.'], ['2', 'Expected a better product', 'Not bad'], ['3', 'Decent product', 'it depends on ur usage how long it will run yk'], ['2', 'Expected a better product', 'Not suitable for hp omen 16 without numeric pad. Quality is just okay.'], ['5', 'Fabulous!', 'Best in market'], ['5', 'Best in the market!', 'Nice good in RGB lights'], ['4', 'Delightful', 'Perfect Fit']]"
"Saco Keyboard Protector 15.6 Inch, 17.3 Inch Laptop Dust Cover for Asus TUF Gaming F15 FX507ZM-ES74,TUF Dash 15 FX517ZM-AS73 15.6Inch Gaming Laptop Keyboard Skin",4,‚Çπ383,"[['2', 'Moderate', 'Not worth for this price'], ['5', 'Awesome', 'looks good'], ['5', 'Classy product', 'Nice'], ['4', 'Good choice', 'The product is excellent just a little bit expensive.'], ['4', 'Wonderful', 'Very nice product but very thin'], ['5', 'Perfect product!', 'Awesome, correct fit for keyboard'], ['5', 'Fabulous!', 'Very good product and fitting is very perfect ü§©'], ['5', 'Mind-blowing purchase', 'Good'], ['5', 'Must buy!', 'Perfectly fit in my Asus tuf f15 (2023). And it sets well in my laptop. I will recommend everyone to buy Transparent Protection as the RGB can be Visible properly üòâ . U can buy it without thinking so much.'], ['2', 'Expected a better product', 'Not bad'], ['3', 'Decent product', 'it depends on ur usage how long it will run yk'], ['2', 'Expected a better product', 'Not suitable for hp omen 16 without numeric pad. Quality is just okay.'], ['5', 'Fabulous!', 'Best in market'], ['5', 'Best in the market!', 'Nice good in RGB lights'], ['4', 'Delightful', 'Perfect Fit']]"
